model,train_accuracy,test_accuracy,train_roc_auc,test_roc_auc
Logistic Regression,0.7492993630573248,0.750743015652863,0.8368101821910298,0.8350441962824199
Random Forest,1.0,0.7511392906677234,1.0,0.832893694502039
XGBoost,0.8531634819532908,0.7562908658609074,0.928136014250064,0.8380928707981198
